{"gradients/conv1.weight": {"_type": "histogram", "values": [1500.0], "bins": [1.0, 1.0]}, "_timestamp": 1721231458.845008, "gradients/conv1.bias": {"_type": "histogram", "values": [20.0], "bins": [1.0, 1.0]}, "gradients/conv2.weight": {"_type": "histogram", "values": [25000.0], "bins": [1.0, 1.0]}, "gradients/conv2.bias": {"_type": "histogram", "values": [50.0], "bins": [1.0, 1.0]}, "gradients/fc1.weight": {"_type": "histogram", "values": [625000.0], "bins": [1.0, 1.0]}, "gradients/fc1.bias": {"_type": "histogram", "values": [500.0], "bins": [1.0, 1.0]}, "gradients/fc2.weight": {"_type": "histogram", "values": [5000.0], "bins": [1.0, 1.0]}, "gradients/fc2.bias": {"_type": "histogram", "values": [10.0], "bins": [1.0, 1.0]}, "parameters/conv1.weight": {"_type": "histogram", "values": [1.0, 0.0, 0.0, 0.0, 1.0, 2.0, 4.0, 1.0, 7.0, 8.0, 7.0, 13.0, 15.0, 18.0, 21.0, 21.0, 34.0, 22.0, 22.0, 35.0, 32.0, 37.0, 22.0, 36.0, 25.0, 51.0, 31.0, 31.0, 35.0, 32.0, 37.0, 45.0, 41.0, 23.0, 29.0, 41.0, 49.0, 39.0, 38.0, 39.0, 35.0, 37.0, 27.0, 24.0, 36.0, 29.0, 29.0, 38.0, 39.0, 41.0, 25.0, 29.0, 31.0, 24.0, 27.0, 19.0, 20.0, 12.0, 7.0, 3.0, 8.0, 4.0, 3.0, 8.0], "bins": [-0.20223425328731537, -0.1963910013437271, -0.19054776430130005, -0.1847045123577118, -0.17886126041412354, -0.17301800847053528, -0.16717477142810822, -0.16133151948451996, -0.1554882675409317, -0.14964503049850464, -0.14380177855491638, -0.13795852661132812, -0.13211527466773987, -0.1262720227241516, -0.12042878568172455, -0.11458553373813629, -0.10874228924512863, -0.10289904475212097, -0.09705579280853271, -0.09121254831552505, -0.0853692963719368, -0.07952605187892914, -0.07368279993534088, -0.06783954799175262, -0.06199631094932556, -0.056153059005737305, -0.05030980706214905, -0.044466570019721985, -0.03862331807613373, -0.03278006613254547, -0.026936814188957214, -0.02109357714653015, -0.015250325202941895, -0.009407073259353638, -0.0035638362169265747, 0.002279415726661682, 0.008122667670249939, 0.013965919613838196, 0.01980915665626526, 0.025652408599853516, 0.03149566054344177, 0.037338897585868835, 0.04318214952945709, 0.04902540147304535, 0.054868653416633606, 0.06071190536022186, 0.06655515730381012, 0.07239837944507599, 0.07824163138866425, 0.0840848833322525, 0.08992813527584076, 0.09577138721942902, 0.10161463916301727, 0.10745789110660553, 0.1133011132478714, 0.11914436519145966, 0.12498761713504791, 0.13083086907863617, 0.13667412102222443, 0.14251737296581268, 0.14836062490940094, 0.1542038470506668, 0.16004709899425507, 0.16589035093784332, 0.17173360288143158]}, "parameters/conv1.bias": {"_type": "histogram", "values": [1.0, 0.0, 0.0, 0.0, 0.0, 0.0, 0.0, 0.0, 0.0, 1.0, 0.0, 2.0, 0.0, 1.0, 1.0, 1.0, 1.0, 1.0, 0.0, 0.0, 0.0, 0.0, 0.0, 1.0, 1.0, 0.0, 1.0, 0.0, 1.0, 0.0, 0.0, 2.0, 0.0, 0.0, 0.0, 0.0, 0.0, 0.0, 1.0, 0.0, 0.0, 0.0, 0.0, 0.0, 0.0, 0.0, 2.0, 1.0, 0.0, 0.0, 0.0, 0.0, 0.0, 0.0, 0.0, 0.0, 0.0, 0.0, 0.0, 0.0, 0.0, 0.0, 0.0, 1.0], "bins": [-0.13744530081748962, -0.13067716360092163, -0.12390903383493423, -0.11714090406894684, -0.11037277430295944, -0.10360464453697205, -0.09683650732040405, -0.09006837755441666, -0.08330024778842926, -0.07653211057186127, -0.06976398080587387, -0.06299585103988647, -0.05622771382331848, -0.049459584057331085, -0.04269145429134369, -0.035923317074775696, -0.0291551873087883, -0.022387057542800903, -0.01561892032623291, -0.00885079801082611, -0.0020826607942581177, 0.0046854764223098755, 0.011453598737716675, 0.018221735954284668, 0.02498987317085266, 0.03175799548625946, 0.038526132702827454, 0.04529426991939545, 0.052062392234802246, 0.05883052945137024, 0.06559866666793823, 0.07236678898334503, 0.07913492619991302, 0.08590306341648102, 0.09267118573188782, 0.09943932294845581, 0.1062074601650238, 0.1129755973815918, 0.1197437047958374, 0.1265118420124054, 0.1332799792289734, 0.14004811644554138, 0.14681625366210938, 0.15358439087867737, 0.16035249829292297, 0.16712063550949097, 0.17388877272605896, 0.18065690994262695, 0.18742504715919495, 0.19419318437576294, 0.20096129179000854, 0.20772942900657654, 0.21449756622314453, 0.22126570343971252, 0.22803384065628052, 0.2348019778728485, 0.24157008528709412, 0.2483382225036621, 0.2551063597202301, 0.2618744969367981, 0.2686426341533661, 0.2754107713699341, 0.2821788787841797, 0.2889470160007477, 0.2957151532173157]}, "parameters/conv2.weight": {"_type": "histogram", "values": [1.0, 4.0, 2.0, 12.0, 19.0, 41.0, 61.0, 79.0, 164.0, 289.0, 437.0, 533.0, 613.0, 685.0, 710.0, 691.0, 717.0, 694.0, 736.0, 697.0, 695.0, 707.0, 725.0, 735.0, 700.0, 732.0, 745.0, 725.0, 773.0, 710.0, 738.0, 740.0, 706.0, 727.0, 675.0, 737.0, 756.0, 694.0, 665.0, 671.0, 694.0, 632.0, 609.0, 445.0, 320.0, 246.0, 192.0, 98.0, 74.0, 44.0, 31.0, 27.0, 15.0, 13.0, 2.0, 3.0, 5.0, 1.0, 1.0, 3.0, 0.0, 1.0, 1.0, 2.0], "bins": [-0.07118865847587585, -0.06853122264146805, -0.06587378680706024, -0.06321634352207184, -0.06055890768766403, -0.057901471853256226, -0.05524403601884842, -0.05258660018444061, -0.04992916062474251, -0.0472717210650444, -0.0446142852306366, -0.04195684939622879, -0.039299413561820984, -0.03664197400212288, -0.03398453816771507, -0.03132709860801697, -0.02866966277360916, -0.026012226939201355, -0.02335478737950325, -0.020697351545095444, -0.01803991198539734, -0.015382476150989532, -0.012725040316581726, -0.010067600756883621, -0.007410168647766113, -0.00475272536277771, -0.0020952895283699036, 0.0005621463060379028, 0.0032195821404457092, 0.005877017974853516, 0.008534461259841919, 0.011191897094249725, 0.013849332928657532, 0.016506768763065338, 0.019164204597473145, 0.021821647882461548, 0.024479083716869354, 0.02713651955127716, 0.029793955385684967, 0.03245139122009277, 0.03510883450508118, 0.03776627033948898, 0.04042370617389679, 0.043081142008304596, 0.0457385778427124, 0.04839601367712021, 0.05105345696210861, 0.05371089279651642, 0.05636832118034363, 0.05902576446533203, 0.061683207750320435, 0.06434063613414764, 0.06699807941913605, 0.06965550780296326, 0.07231295108795166, 0.07497039437294006, 0.07762782275676727, 0.08028526604175568, 0.08294269442558289, 0.08560013771057129, 0.08825758099555969, 0.0909150093793869, 0.0935724526643753, 0.09622988104820251, 0.09888732433319092]}, "parameters/conv2.bias": {"_type": "histogram", "values": [1.0, 0.0, 0.0, 0.0, 0.0, 0.0, 1.0, 0.0, 1.0, 1.0, 0.0, 0.0, 0.0, 0.0, 0.0, 1.0, 0.0, 3.0, 2.0, 1.0, 0.0, 1.0, 2.0, 1.0, 2.0, 0.0, 2.0, 1.0, 2.0, 4.0, 2.0, 1.0, 0.0, 1.0, 0.0, 0.0, 0.0, 0.0, 0.0, 0.0, 2.0, 1.0, 0.0, 0.0, 1.0, 1.0, 1.0, 1.0, 1.0, 2.0, 1.0, 2.0, 2.0, 0.0, 1.0, 0.0, 0.0, 0.0, 0.0, 1.0, 1.0, 0.0, 1.0, 1.0],