{"gradients/conv1.weight": {"_type": "histogram", "values": [1500.0], "bins": [1.0, 1.0]}, "_timestamp": 1721230772.6813107, "gradients/conv1.bias": {"_type": "histogram", "values": [20.0], "bins": [1.0, 1.0]}, "gradients/conv2.weight": {"_type": "histogram", "values": [25000.0], "bins": [1.0, 1.0]}, "gradients/conv2.bias": {"_type": "histogram", "values": [50.0], "bins": [1.0, 1.0]}, "gradients/fc1.weight": {"_type": "histogram", "values": [625000.0], "bins": [1.0, 1.0]}, "gradients/fc1.bias": {"_type": "histogram", "values": [500.0], "bins": [1.0, 1.0]}, "gradients/fc2.weight": {"_type": "histogram", "values": [5000.0], "bins": [1.0, 1.0]}, "gradients/fc2.bias": {"_type": "histogram", "values": [10.0], "bins": [1.0, 1.0]}, "parameters/conv1.weight": {"_type": "histogram", "values": [1.0, 0.0, 0.0, 0.0, 2.0, 2.0, 4.0, 10.0, 11.0, 13.0, 8.0, 14.0, 27.0, 21.0, 26.0, 26.0, 29.0, 43.0, 40.0, 22.0, 25.0, 28.0, 40.0, 31.0, 32.0, 33.0, 29.0, 40.0, 38.0, 39.0, 36.0, 34.0, 29.0, 31.0, 43.0, 37.0, 41.0, 36.0, 36.0, 29.0, 32.0, 33.0, 23.0, 40.0, 29.0, 31.0, 39.0, 35.0, 36.0, 23.0, 26.0, 29.0, 40.0, 18.0, 20.0, 19.0, 12.0, 8.0, 4.0, 6.0, 6.0, 4.0, 0.0, 1.0], "bins": [-0.1833638697862625, -0.1777985841035843, -0.17223329842090607, -0.16666801273822784, -0.16110272705554962, -0.1555374413728714, -0.14997215569019318, -0.14440687000751495, -0.13884158432483673, -0.1332762986421585, -0.12771101295948029, -0.12214572727680206, -0.11658044159412384, -0.11101515591144562, -0.1054498702287674, -0.09988458454608917, -0.09431929886341095, -0.08875401318073273, -0.0831887274980545, -0.07762344181537628, -0.07205815613269806, -0.06649287045001984, -0.060927584767341614, -0.05536229908466339, -0.04979701340198517, -0.044231727719306946, -0.03866644203662872, -0.0331011563539505, -0.027535870671272278, -0.021970584988594055, -0.016405299305915833, -0.01084001362323761, -0.005274727940559387, 0.00029055774211883545, 0.005855843424797058, 0.01142112910747528, 0.016986414790153503, 0.022551700472831726, 0.02811698615550995, 0.03368227183818817, 0.039247557520866394, 0.04481284320354462, 0.05037812888622284, 0.05594341456890106, 0.061508700251579285, 0.06707398593425751, 0.07263927161693573, 0.07820455729961395, 0.08376984298229218, 0.0893351286649704, 0.09490041434764862, 0.10046570003032684, 0.10603098571300507, 0.11159627139568329, 0.11716155707836151, 0.12272684276103973, 0.12829212844371796, 0.13385741412639618, 0.1394226998090744, 0.14498798549175262, 0.15055327117443085, 0.15611855685710907, 0.1616838425397873, 0.16724912822246552, 0.17281441390514374]}, "parameters/conv1.bias": {"_type": "histogram", "values": [1.0, 0.0, 0.0, 0.0, 0.0, 0.0, 0.0, 0.0, 1.0, 0.0, 0.0, 0.0, 0.0, 3.0, 0.0, 1.0, 2.0, 1.0, 0.0, 0.0, 1.0, 0.0, 0.0, 0.0, 1.0, 0.0, 0.0, 1.0, 0.0, 0.0, 0.0, 0.0, 1.0, 0.0, 0.0, 2.0, 0.0, 0.0, 0.0, 0.0, 1.0, 0.0, 0.0, 1.0, 0.0, 0.0, 1.0, 0.0, 1.0, 0.0, 0.0, 0.0, 0.0, 0.0, 0.0, 0.0, 0.0, 0.0, 0.0, 0.0, 0.0, 0.0, 0.0, 1.0], "bins": [-0.10872539132833481, -0.10342587530612946, -0.0981263667345047, -0.09282685071229935, -0.087527334690094, -0.08222782611846924, -0.07692831009626389, -0.07162879407405853, -0.06632928550243378, -0.06102977320551872, -0.05573026090860367, -0.050430744886398315, -0.04513122886419296, -0.03983172029256821, -0.034532204270362854, -0.029232695698738098, -0.023933179676532745, -0.018633663654327393, -0.013334155082702637, -0.008034639060497284, -0.002735130488872528, 0.0025643855333328247, 0.007863901555538177, 0.013163410127162933, 0.018462933599948883, 0.02376244217157364, 0.029061950743198395, 0.03436145931482315, 0.0396609827876091, 0.044960491359233856, 0.05025999993085861, 0.05555952340364456, 0.06085903197526932, 0.06615854054689407, 0.07145806401968002, 0.07675757259130478, 0.08205708116292953, 0.08735660463571548, 0.09265611320734024, 0.097955621778965, 0.10325513035058975, 0.1085546538233757, 0.11385416239500046, 0.11915367096662521, 0.12445319443941116, 0.12975269556045532, 0.13505220413208008, 0.14035174250602722, 0.14565125107765198, 0.15095075964927673, 0.1562502682209015, 0.16154977679252625, 0.166849285364151, 0.17214879393577576, 0.1774483025074005, 0.18274784088134766, 0.1880473494529724, 0.19334685802459717, 0.19864636659622192, 0.20394587516784668, 0.20924538373947144, 0.21454492211341858, 0.21984443068504333, 0.2251439392566681, 0.23044344782829285]}, "parameters/conv2.weight": {"_type": "histogram", "values": [1.0, 0.0, 1.0, 3.0, 1.0, 6.0, 20.0, 37.0, 72.0, 158.0, 337.0, 488.0, 565.0, 628.0, 704.0, 716.0, 689.0, 698.0, 712.0, 749.0, 684.0, 700.0, 675.0, 672.0, 730.0, 707.0, 734.0, 721.0, 739.0, 712.0, 728.0, 742.0, 707.0, 725.0, 667.0, 706.0, 754.0, 718.0, 681.0, 665.0, 711.0, 678.0, 708.0, 613.0, 516.0, 363.0, 227.0, 183.0, 94.0, 61.0, 21.0, 28.0, 17.0, 9.0, 4.0, 4.0, 3.0, 2.0, 0.0, 1.0, 1.0, 1.0, 1.0, 2.0], "bins": [-0.07214927673339844, -0.06954655796289444, -0.06694383919239044, -0.06434112042188644, -0.061738401651382446, -0.05913568288087845, -0.05653296411037445, -0.05393024533987045, -0.051327526569366455, -0.04872480779886246, -0.04612208902835846, -0.04351937025785446, -0.04091665521264076, -0.038313936442136765, -0.03571121767163277, -0.03310849890112877, -0.03050578013062477, -0.027903061360120773, -0.025300342589616776, -0.022697623819112778, -0.02009490504860878, -0.017492186278104782, -0.014889467507600784, -0.012286748737096786, -0.009684033691883087, -0.007081314921379089, -0.0044785961508750916, -0.0018758773803710938, 0.000726841390132904, 0.003329560160636902, 0.0059322789311409, 0.008534997701644897, 0.011137716472148895, 0.013740435242652893, 0.01634315401315689, 0.01894587278366089, 0.021548591554164886, 0.024151310324668884, 0.026754029095172882, 0.02935674786567688, 0.03195946663618088, 0.034562185406684875, 0.03716490417718887, 0.03976762294769287, 0.04237034171819687, 0.04497306048870087, 0.047575779259204865, 0.05017849802970886, 0.05278120934963226, 0.05538393557071686, 0.05798664689064026, 0.060589373111724854, 0.06319208443164825, 0.06579481065273285, 0.06839752197265625, 0.07100024819374084, 0.07360295951366425, 0.07620568573474884, 0.07880839705467224, 0.08141112327575684, 0.08401383459568024, 0.08661656081676483, 0.08921927213668823, 0.09182199835777283, 0.09442470967769623]}, "parameters/conv2.bias": {"_type": "histogram", "values": [1.0, 0.0, 0.0, 0.0, 0.0, 0.0, 1.0, 1.0, 0.0, 0.0, 0.0, 1.0, 2.0, 0.0, 1.0, 1.0, 0.0, 1.0, 1.0, 1.0, 1.0, 1.0, 1.0, 3.0, 2.0, 0.0, 0.0, 2.0, 2.0, 1.0, 2.0, 1.0, 1.0, 1.0, 1.0, 0.0, 0.0, 0.0, 1.0, 0.0, 0.0, 0.0, 3.0, 2.0, 2.0, 0.0, 0.0, 0.0, 2.0, 2.0, 0.0, 0.0, 0.0, 3.0, 1.0, 1.0, 0.0, 0.0, 0.0, 1.0, 0.0, 0.0, 0.0, 2.0],